sourceTaxonID	sourceTaxonName	interactionTypeId	interactionTypeName	targetTaxonId	targetTaxonName	localityId	localityName	decimalLatitude	decimalLongitude	observationDateTime	referenceDoi	referenceCitation
EOL:328581	Ursus arctos	RO:0002470	eats	EOL:2496709	Abies lasiocarpa var. lasiocarpa		Greater Yellowstone Ecosystem					BLANCHARD, B.M. 1983. Grizzly bear-habitat relationships in the Yellowstone area. International Conference on Bear Research and Management 5:118-123.
EOL:328581	Ursus arctos	RO:0002470	eats	EOL:1061646	Picea engelmannii		Greater Yellowstone Ecosystem					BLANCHARD, B.M. 1983. Grizzly bear-habitat relationships in the Yellowstone area. International Conference on Bear Research and Management 5:118-123.
EOL:328581	Ursus arctos	RO:0002470	eats	EOL:1061758	Pinus contorta		Greater Yellowstone Ecosystem					BLANCHARD, B.M. 1983. Grizzly bear-habitat relationships in the Yellowstone area. International Conference on Bear Research and Management 5:118-123.
EOL:328581	Ursus arctos	RO:0002470	eats	EOL:1061712	Pseudotsuga menziesii		Greater Yellowstone Ecosystem					BLANCHARD, B.M. 1983. Grizzly bear-habitat relationships in the Yellowstone area. International Conference on Bear Research and Management 5:118-123.
EOL:328581	Ursus arctos	RO:0002470	eats	EOL:594656	Actaea rubra		Greater Yellowstone Ecosystem					CRAIGHEAD, J.J., J.S. SUMNER, AND J.A. MITCHELL. 1995. The grizzly bears of Yellowstone, their ecology in the Yellowstone ecosystem, 1959-1992. Island Press, Covelo, California, USA.
EOL:328581	Ursus arctos	RO:0002470	eats	EOL:411731	Amelanchier alnifolia		Greater Yellowstone Ecosystem					CRAIGHEAD, J.J., J.S. SUMNER, AND J.A. MITCHELL. 1995. The grizzly bears of Yellowstone, their ecology in the Yellowstone ecosystem, 1959-1992. Island Press, Covelo, California, USA.
EOL:328581	Ursus arctos	RO:0002470	eats	EOL:583640	Arctostaphylos uva-ursi		Greater Yellowstone Ecosystem					CRAIGHEAD, J.J., J.S. SUMNER, AND J.A. MITCHELL. 1995. The grizzly bears of Yellowstone, their ecology in the Yellowstone ecosystem, 1959-1992. Island Press, Covelo, California, USA.
EOL:328581	Ursus arctos	RO:0002470	eats	EOL:468487	Berberis repens		Greater Yellowstone Ecosystem					CRAIGHEAD, J.J., J.S. SUMNER, AND J.A. MITCHELL. 1995. The grizzly bears of Yellowstone, their ecology in the Yellowstone ecosystem, 1959-1992. Island Press, Covelo, California, USA.
EOL:328581	Ursus arctos	RO:0002470	eats	EOL:328109	Bison bison		Greater Yellowstone Ecosystem					CRAIGHEAD, J.J., J.S. SUMNER, AND J.A. MITCHELL. 1995. The grizzly bears of Yellowstone, their ecology in the Yellowstone ecosystem, 1959-1992. Island Press, Covelo, California, USA.
EOL:328581	Ursus arctos	RO:0002470	eats	EOL:585386	Bistorta vivipara		Greater Yellowstone Ecosystem					CRAIGHEAD, J.J., J.S. SUMNER, AND J.A. MITCHELL. 1995. The grizzly bears of Yellowstone, their ecology in the Yellowstone ecosystem, 1959-1992. Island Press, Covelo, California, USA.
EOL:328581	Ursus arctos	RO:0002470	eats	EOL:1114258	Calamagrostis rubescens		Greater Yellowstone Ecosystem					CRAIGHEAD, J.J., J.S. SUMNER, AND J.A. MITCHELL. 1995. The grizzly bears of Yellowstone, their ecology in the Yellowstone ecosystem, 1959-1992. Island Press, Covelo, California, USA.
EOL:328581	Ursus arctos	RO:0002470	eats	EOL:1037786	Clethrionomys gapperi		Greater Yellowstone Ecosystem					CRAIGHEAD, J.J., J.S. SUMNER, AND J.A. MITCHELL. 1995. The grizzly bears of Yellowstone, their ecology in the Yellowstone ecosystem, 1959-1992. Island Press, Covelo, California, USA.
EOL:328581	Ursus arctos	RO:0002470	eats	EOL:488283	Cornus sericea		Greater Yellowstone Ecosystem					CRAIGHEAD, J.J., J.S. SUMNER, AND J.A. MITCHELL. 1995. The grizzly bears of Yellowstone, their ecology in the Yellowstone ecosystem, 1959-1992. Island Press, Covelo, California, USA.
EOL:328581	Ursus arctos	RO:0002470	eats	EOL:630576	Crataegus douglasii		Greater Yellowstone Ecosystem					CRAIGHEAD, J.J., J.S. SUMNER, AND J.A. MITCHELL. 1995. The grizzly bears of Yellowstone, their ecology in the Yellowstone ecosystem, 1959-1992. Island Press, Covelo, California, USA.
EOL:328581	Ursus arctos	RO:0002470	eats	EOL:643058	Hedysarum occidentale		Greater Yellowstone Ecosystem					CRAIGHEAD, J.J., J.S. SUMNER, AND J.A. MITCHELL. 1995. The grizzly bears of Yellowstone, their ecology in the Yellowstone ecosystem, 1959-1992. Island Press, Covelo, California, USA.
EOL:328581	Ursus arctos	RO:0002470	eats	EOL:581673	Heracleum sphondylium		Greater Yellowstone Ecosystem					CRAIGHEAD, J.J., J.S. SUMNER, AND J.A. MITCHELL. 1995. The grizzly bears of Yellowstone, their ecology in the Yellowstone ecosystem, 1959-1992. Island Press, Covelo, California, USA.
EOL:328581	Ursus arctos	RO:0002470	eats	EOL:1061674	Juniperus communis		Greater Yellowstone Ecosystem					CRAIGHEAD, J.J., J.S. SUMNER, AND J.A. MITCHELL. 1995. The grizzly bears of Yellowstone, their ecology in the Yellowstone ecosystem, 1959-1992. Island Press, Covelo, California, USA.
EOL:328581	Ursus arctos	RO:0002470	eats	EOL:1034922	Juniperus horizontalis		Greater Yellowstone Ecosystem					CRAIGHEAD, J.J., J.S. SUMNER, AND J.A. MITCHELL. 1995. The grizzly bears of Yellowstone, their ecology in the Yellowstone ecosystem, 1959-1992. Island Press, Covelo, California, USA.
EOL:328581	Ursus arctos	RO:0002470	eats	EOL:488666	Lonicera involucrata		Greater Yellowstone Ecosystem					CRAIGHEAD, J.J., J.S. SUMNER, AND J.A. MITCHELL. 1995. The grizzly bears of Yellowstone, their ecology in the Yellowstone ecosystem, 1959-1992. Island Press, Covelo, California, USA.
EOL:328581	Ursus arctos	RO:0002470	eats	EOL:630899	Luzula glabrata var. hitchcokii		Greater Yellowstone Ecosystem					CRAIGHEAD, J.J., J.S. SUMNER, AND J.A. MITCHELL. 1995. The grizzly bears of Yellowstone, their ecology in the Yellowstone ecosystem, 1959-1992. Island Press, Covelo, California, USA.
EOL:328581	Ursus arctos	RO:0002470	eats	EOL:327985	Marmota flaviventris		Greater Yellowstone Ecosystem					CRAIGHEAD, J.J., J.S. SUMNER, AND J.A. MITCHELL. 1995. The grizzly bears of Yellowstone, their ecology in the Yellowstone ecosystem, 1959-1992. Island Press, Covelo, California, USA.
EOL:328581	Ursus arctos	RO:0002470	eats	EOL:310274	Microtus montanus		Greater Yellowstone Ecosystem					CRAIGHEAD, J.J., J.S. SUMNER, AND J.A. MITCHELL. 1995. The grizzly bears of Yellowstone, their ecology in the Yellowstone ecosystem, 1959-1992. Island Press, Covelo, California, USA.
EOL:328581	Ursus arctos	RO:0002470	eats	EOL:1037788	Microtus pennsylvanicus		Greater Yellowstone Ecosystem					CRAIGHEAD, J.J., J.S. SUMNER, AND J.A. MITCHELL. 1995. The grizzly bears of Yellowstone, their ecology in the Yellowstone ecosystem, 1959-1992. Island Press, Covelo, California, USA.
EOL:328581	Ursus arctos	RO:0002470	eats	EOL:311573	Peromyscus maniculatus		Greater Yellowstone Ecosystem					CRAIGHEAD, J.J., J.S. SUMNER, AND J.A. MITCHELL. 1995. The grizzly bears of Yellowstone, their ecology in the Yellowstone ecosystem, 1959-1992. Island Press, Covelo, California, USA.
EOL:328581	Ursus arctos	RO:0002470	eats	EOL:630083	Prunus virginiana		Greater Yellowstone Ecosystem					CRAIGHEAD, J.J., J.S. SUMNER, AND J.A. MITCHELL. 1995. The grizzly bears of Yellowstone, their ecology in the Yellowstone ecosystem, 1959-1992. Island Press, Covelo, California, USA.
EOL:328581	Ursus arctos	RO:0002470	eats	EOL:583179	Ribes cereum		Greater Yellowstone Ecosystem					CRAIGHEAD, J.J., J.S. SUMNER, AND J.A. MITCHELL. 1995. The grizzly bears of Yellowstone, their ecology in the Yellowstone ecosystem, 1959-1992. Island Press, Covelo, California, USA.
EOL:328581	Ursus arctos	RO:0002470	eats	EOL:583193	Ribes lacustre		Greater Yellowstone Ecosystem					CRAIGHEAD, J.J., J.S. SUMNER, AND J.A. MITCHELL. 1995. The grizzly bears of Yellowstone, their ecology in the Yellowstone ecosystem, 1959-1992. Island Press, Covelo, California, USA.
EOL:328581	Ursus arctos	RO:0002470	eats	EOL:30108	Rubus		Greater Yellowstone Ecosystem					CRAIGHEAD, J.J., J.S. SUMNER, AND J.A. MITCHELL. 1995. The grizzly bears of Yellowstone, their ecology in the Yellowstone ecosystem, 1959-1992. Island Press, Covelo, California, USA.
EOL:328581	Ursus arctos	RO:0002470	eats	EOL:488729	Sambucus racemosa		Greater Yellowstone Ecosystem					CRAIGHEAD, J.J., J.S. SUMNER, AND J.A. MITCHELL. 1995. The grizzly bears of Yellowstone, their ecology in the Yellowstone ecosystem, 1959-1992. Island Press, Covelo, California, USA.
EOL:328581	Ursus arctos	RO:0002470	eats	EOL:582733	Shepherdia canadensis		Greater Yellowstone Ecosystem					CRAIGHEAD, J.J., J.S. SUMNER, AND J.A. MITCHELL. 1995. The grizzly bears of Yellowstone, their ecology in the Yellowstone ecosystem, 1959-1992. Island Press, Covelo, California, USA.
EOL:328581	Ursus arctos	RO:0002470	eats	EOL:628740	Sorbus scopulina		Greater Yellowstone Ecosystem					CRAIGHEAD, J.J., J.S. SUMNER, AND J.A. MITCHELL. 1995. The grizzly bears of Yellowstone, their ecology in the Yellowstone ecosystem, 1959-1992. Island Press, Covelo, California, USA.
EOL:328581	Ursus arctos	RO:0002470	eats	EOL:1082285	Streptopus amplexifolius		Greater Yellowstone Ecosystem					CRAIGHEAD, J.J., J.S. SUMNER, AND J.A. MITCHELL. 1995. The grizzly bears of Yellowstone, their ecology in the Yellowstone ecosystem, 1959-1992. Island Press, Covelo, California, USA.
EOL:328581	Ursus arctos	RO:0002470	eats	EOL:488109	Symphoricarpos albus		Greater Yellowstone Ecosystem					CRAIGHEAD, J.J., J.S. SUMNER, AND J.A. MITCHELL. 1995. The grizzly bears of Yellowstone, their ecology in the Yellowstone ecosystem, 1959-1992. Island Press, Covelo, California, USA.
EOL:328581	Ursus arctos	RO:0002470	eats	EOL:594978	Thalictrum occidentale		Greater Yellowstone Ecosystem					CRAIGHEAD, J.J., J.S. SUMNER, AND J.A. MITCHELL. 1995. The grizzly bears of Yellowstone, their ecology in the Yellowstone ecosystem, 1959-1992. Island Press, Covelo, California, USA.
EOL:328581	Ursus arctos	RO:0002470	eats	EOL:328063	Thomomys talpoides		Greater Yellowstone Ecosystem					CRAIGHEAD, J.J., J.S. SUMNER, AND J.A. MITCHELL. 1995. The grizzly bears of Yellowstone, their ecology in the Yellowstone ecosystem, 1959-1992. Island Press, Covelo, California, USA.
EOL:328581	Ursus arctos	RO:0002470	eats	EOL:583675	Vaccinium membranaceum		Greater Yellowstone Ecosystem					CRAIGHEAD, J.J., J.S. SUMNER, AND J.A. MITCHELL. 1995. The grizzly bears of Yellowstone, their ecology in the Yellowstone ecosystem, 1959-1992. Island Press, Covelo, California, USA.
EOL:328581	Ursus arctos	RO:0002470	eats	EOL:582119	Vaccinium scoparium		Greater Yellowstone Ecosystem					CRAIGHEAD, J.J., J.S. SUMNER, AND J.A. MITCHELL. 1995. The grizzly bears of Yellowstone, their ecology in the Yellowstone ecosystem, 1959-1992. Island Press, Covelo, California, USA.
EOL:328581	Ursus arctos	RO:0002470	eats	EOL:1083443	Veratrum viride		Greater Yellowstone Ecosystem					CRAIGHEAD, J.J., J.S. SUMNER, AND J.A. MITCHELL. 1995. The grizzly bears of Yellowstone, their ecology in the Yellowstone ecosystem, 1959-1992. Island Press, Covelo, California, USA.
EOL:328581	Ursus arctos	RO:0002470	eats	EOL:1083542	Xerophyllum tenax		Greater Yellowstone Ecosystem					CRAIGHEAD, J.J., J.S. SUMNER, AND J.A. MITCHELL. 1995. The grizzly bears of Yellowstone, their ecology in the Yellowstone ecosystem, 1959-1992. Island Press, Covelo, California, USA.
EOL:328581	Ursus arctos	RO:0002470	eats	EOL:1084938	Allium schoenoprasum		Greater Yellowstone Ecosystem				10.1002/jwmg.483	FORTIN, J.K., C.C. SCHWARTZ, K.A. GUNTHER, J.E. TEISBERG, M.A. HAROLDSON, M.A. EVANS, AND C.T. ROBBINS. 2013. Dietary adjustability of grizzly bears and American black bears in Yellowstone National Park. Journal of Wildlife Management 77:270-281.
EOL:328581	Ursus arctos	RO:0002470	eats	EOL:467838	Balsamorhiza sagittata		Greater Yellowstone Ecosystem				10.1002/jwmg.483	FORTIN, J.K., C.C. SCHWARTZ, K.A. GUNTHER, J.E. TEISBERG, M.A. HAROLDSON, M.A. EVANS, AND C.T. ROBBINS. 2013. Dietary adjustability of grizzly bears and American black bears in Yellowstone National Park. Journal of Wildlife Management 77:270-281.
EOL:328581	Ursus arctos	RO:0002470	eats	EOL:38306	Castilleja		Greater Yellowstone Ecosystem				10.1002/jwmg.483	FORTIN, J.K., C.C. SCHWARTZ, K.A. GUNTHER, J.E. TEISBERG, M.A. HAROLDSON, M.A. EVANS, AND C.T. ROBBINS. 2013. Dietary adjustability of grizzly bears and American black bears in Yellowstone National Park. Journal of Wildlife Management 77:270-281.
EOL:328581	Ursus arctos	RO:0002470	eats	EOL:37625	Eriogonum		Greater Yellowstone Ecosystem				10.1002/jwmg.483	FORTIN, J.K., C.C. SCHWARTZ, K.A. GUNTHER, J.E. TEISBERG, M.A. HAROLDSON, M.A. EVANS, AND C.T. ROBBINS. 2013. Dietary adjustability of grizzly bears and American black bears in Yellowstone National Park. Journal of Wildlife Management 77:270-281.
EOL:328581	Ursus arctos	RO:0002470	eats	EOL:1088097	Erythronium grandiflorum		Greater Yellowstone Ecosystem				10.1002/jwmg.483	FORTIN, J.K., C.C. SCHWARTZ, K.A. GUNTHER, J.E. TEISBERG, M.A. HAROLDSON, M.A. EVANS, AND C.T. ROBBINS. 2013. Dietary adjustability of grizzly bears and American black bears in Yellowstone National Park. Journal of Wildlife Management 77:270-281.
EOL:328581	Ursus arctos	RO:0002470	eats	EOL:346185	Geranium viscosissimum		Greater Yellowstone Ecosystem				10.1002/jwmg.483	FORTIN, J.K., C.C. SCHWARTZ, K.A. GUNTHER, J.E. TEISBERG, M.A. HAROLDSON, M.A. EVANS, AND C.T. ROBBINS. 2013. Dietary adjustability of grizzly bears and American black bears in Yellowstone National Park. Journal of Wildlife Management 77:270-281.
EOL:328581	Ursus arctos	RO:0002470	eats	EOL:582072	Ligusticum filicinum		Greater Yellowstone Ecosystem				10.1002/jwmg.483	FORTIN, J.K., C.C. SCHWARTZ, K.A. GUNTHER, J.E. TEISBERG, M.A. HAROLDSON, M.A. EVANS, AND C.T. ROBBINS. 2013. Dietary adjustability of grizzly bears and American black bears in Yellowstone National Park. Journal of Wildlife Management 77:270-281.
EOL:328581	Ursus arctos	RO:0002470	eats	EOL:503267	Tragopogon dubius		Greater Yellowstone Ecosystem				10.1002/jwmg.483	FORTIN, J.K., C.C. SCHWARTZ, K.A. GUNTHER, J.E. TEISBERG, M.A. HAROLDSON, M.A. EVANS, AND C.T. ROBBINS. 2013. Dietary adjustability of grizzly bears and American black bears in Yellowstone National Park. Journal of Wildlife Management 77:270-281.
EOL:328581	Ursus arctos	RO:0002470	eats	EOL:31288	Vespula		Greater Yellowstone Ecosystem				10.1002/jwmg.483	FORTIN, J.K., C.C. SCHWARTZ, K.A. GUNTHER, J.E. TEISBERG, M.A. HAROLDSON, M.A. EVANS, AND C.T. ROBBINS. 2013. Dietary adjustability of grizzly bears and American black bears in Yellowstone National Park. Journal of Wildlife Management 77:270-281.
EOL:328581	Ursus arctos	RO:0002470	eats	EOL:37725	Viola		Greater Yellowstone Ecosystem				10.1002/jwmg.483	FORTIN, J.K., C.C. SCHWARTZ, K.A. GUNTHER, J.E. TEISBERG, M.A. HAROLDSON, M.A. EVANS, AND C.T. ROBBINS. 2013. Dietary adjustability of grizzly bears and American black bears in Yellowstone National Park. Journal of Wildlife Management 77:270-281.
EOL:328581	Ursus arctos	RO:0002470	eats	EOL:328006	Callospermophilus lateralis		Greater Yellowstone Ecosystem				10.2307/3872725	FRENCH, S.P., M.G. FRENCH, AND R.R. KNIGHT. 1994. Grizzly bear use of army cutworm moths in the Yellowstone Ecosystem. International Conference on Bear Research and Management 9:389-399.
EOL:328581	Ursus arctos	RO:0002470	eats	EOL:133021	Ochotona princeps		Greater Yellowstone Ecosystem				10.2307/3872725	FRENCH, S.P., M.G. FRENCH, AND R.R. KNIGHT. 1994. Grizzly bear use of army cutworm moths in the Yellowstone Ecosystem. International Conference on Bear Research and Management 9:389-399.
EOL:328581	Ursus arctos	RO:0002470	eats	EOL:1114214	Bromus carinatus		Greater Yellowstone Ecosystem					GRAHAM, D.C. 1978. Grizzly bear distribution, use of habitats, food habits, and habitat characterization in Pelican and Hayden Valleys, Yellowstone National Park. Thesis, Montana State University, Bozeman, Montana, USA.
EOL:328581	Ursus arctos	RO:0002470	eats	EOL:1114261	Calamagrostis canadensis		Greater Yellowstone Ecosystem					GRAHAM, D.C. 1978. Grizzly bear distribution, use of habitats, food habits, and habitat characterization in Pelican and Hayden Valleys, Yellowstone National Park. Thesis, Montana State University, Bozeman, Montana, USA.
EOL:328581	Ursus arctos	RO:0002470	eats	EOL:211083	Catostomus catostomus		Greater Yellowstone Ecosystem					GRAHAM, D.C. 1978. Grizzly bear distribution, use of habitats, food habits, and habitat characterization in Pelican and Hayden Valleys, Yellowstone National Park. Thesis, Montana State University, Bozeman, Montana, USA.
EOL:328581	Ursus arctos	RO:0002470	eats	EOL:1114284	Deschampsia cespitosa		Greater Yellowstone Ecosystem					GRAHAM, D.C. 1978. Grizzly bear distribution, use of habitats, food habits, and habitat characterization in Pelican and Hayden Valleys, Yellowstone National Park. Thesis, Montana State University, Bozeman, Montana, USA.
EOL:328581	Ursus arctos	RO:0002470	eats	EOL:27789	Lupinus		Greater Yellowstone Ecosystem					GRAHAM, D.C. 1978. Grizzly bear distribution, use of habitats, food habits, and habitat characterization in Pelican and Hayden Valleys, Yellowstone National Park. Thesis, Montana State University, Bozeman, Montana, USA.
EOL:328581	Ursus arctos	RO:0002470	eats	EOL:473796	Ranunculus acris		Greater Yellowstone Ecosystem					GRAHAM, D.C. 1978. Grizzly bear distribution, use of habitats, food habits, and habitat characterization in Pelican and Hayden Valleys, Yellowstone National Park. Thesis, Montana State University, Bozeman, Montana, USA.
EOL:328581	Ursus arctos	RO:0002470	eats	EOL:703404	Trifolium hybridum		Greater Yellowstone Ecosystem					GRAHAM, D.C. 1978. Grizzly bear distribution, use of habitats, food habits, and habitat characterization in Pelican and Hayden Valleys, Yellowstone National Park. Thesis, Montana State University, Bozeman, Montana, USA.
EOL:328581	Ursus arctos	RO:0002470	eats	EOL:328654	Alces alces		Greater Yellowstone Ecosystem					GREEN, G.I. 1989. Dynamics of ungulate carcass availability and use by bears on the Northern Winter Range and Firehole and Gibbon drainages. Pages 21-31 in R.R. Knight, B.M. Blanchard, and D.J. Mattson, editors. Yellowstone grizzly bear investigations: Annual report of the Interagency Study Team, 1988. U.S. Department of the Interior, National Park Service, Bozeman, Montana, USA.
EOL:328581	Ursus arctos	RO:0002470	eats	EOL:328661	Antilocapra americana		Greater Yellowstone Ecosystem					GREEN, G.I. 1989. Dynamics of ungulate carcass availability and use by bears on the Northern Winter Range and Firehole and Gibbon drainages. Pages 21-31 in R.R. Knight, B.M. Blanchard, and D.J. Mattson, editors. Yellowstone grizzly bear investigations: Annual report of the Interagency Study Team, 1988. U.S. Department of the Interior, National Park Service, Bozeman, Montana, USA.
EOL:328581	Ursus arctos	RO:0002470	eats	EOL:328651	Odocoileus hemionus		Greater Yellowstone Ecosystem					GREEN, G.I. 1989. Dynamics of ungulate carcass availability and use by bears on the Northern Winter Range and Firehole and Gibbon drainages. Pages 21-31 in R.R. Knight, B.M. Blanchard, and D.J. Mattson, editors. Yellowstone grizzly bear investigations: Annual report of the Interagency Study Team, 1988. U.S. Department of the Interior, National Park Service, Bozeman, Montana, USA.
EOL:328581	Ursus arctos	RO:0002470	eats	EOL:328658	Ovis canadensis		Greater Yellowstone Ecosystem					GREEN, G.I. 1989. Dynamics of ungulate carcass availability and use by bears on the Northern Winter Range and Firehole and Gibbon drainages. Pages 21-31 in R.R. Knight, B.M. Blanchard, and D.J. Mattson, editors. Yellowstone grizzly bear investigations: Annual report of the Interagency Study Team, 1988. U.S. Department of the Interior, National Park Service, Bozeman, Montana, USA.
EOL:328581	Ursus arctos	RO:0002470	eats	EOL:1114117	Elymus glaucus		Greater Yellowstone Ecosystem					GUNTHER, K.A. 1991. Grizzly bear activity and human-induced modifications in Pelican Valley, Yellowstone National Park. Thesis, Montana State University, Bozeman, Montana, USA. 
EOL:328581	Ursus arctos	RO:0002470	eats	EOL:580096	Mertensia ciliata		Greater Yellowstone Ecosystem					GUNTHER, K.A. 1991. Grizzly bear activity and human-induced modifications in Pelican Valley, Yellowstone National Park. Thesis, Montana State University, Bozeman, Montana, USA. 
EOL:328581	Ursus arctos	RO:0002470	eats	EOL:29127	Scirpus		Greater Yellowstone Ecosystem					GUNTHER, K.A. 1991. Grizzly bear activity and human-induced modifications in Pelican Valley, Yellowstone National Park. Thesis, Montana State University, Bozeman, Montana, USA. 
EOL:328581	Ursus arctos	RO:0002470	eats	EOL:640585	Trifolium longipes		Greater Yellowstone Ecosystem					GUNTHER, K.A. 1991. Grizzly bear activity and human-induced modifications in Pelican Valley, Yellowstone National Park. Thesis, Montana State University, Bozeman, Montana, USA. 
EOL:328581	Ursus arctos	RO:0002470	eats	EOL:703436	Trifolium repens		Greater Yellowstone Ecosystem					GUNTHER, K.A. 1991. Grizzly bear activity and human-induced modifications in Pelican Valley, Yellowstone National Park. Thesis, Montana State University, Bozeman, Montana, USA. 
EOL:328581	Ursus arctos	RO:0002470	eats	EOL:328649	Cervus elaphus		Greater Yellowstone Ecosystem					GUNTHER, K.A., AND R.A. RENKIN. 1990. Grizzly bear predation on elk calves and other fauna of Yellowstone National Park. International Conference on Bear Research and Management 8:329-334.
EOL:328581	Ursus arctos	RO:0002470	eats	EOL:328663	Sus scrofa		Greater Yellowstone Ecosystem					GUNTHER, K.A., B. ABER, M.T. BRUSCINO, S.L. CAIN, K. FREY, M.A. HAROLDSON, AND C.C. SCHWARTZ. 2010. Grizzly bear-human conflicts in the Greater Yellowstone Ecosystem, 2009. Pages 38-40 in C.C. Schwartz, M.A. Haroldson, and K. West, editors. Yellowstone grizzly bear investigations: Annual report of the Interagency Grizzly Bear Study Team, 2009. U.S. Geological Survey, Bozeman, Montana, USA.
EOL:328581	Ursus arctos	RO:0002470	eats	EOL:1045608	Apis mellifera		Greater Yellowstone Ecosystem					GUNTHER, K.A., B. ABER, M.T. BRUSCINO, S.L. CAIN, K. FREY, M.A. HAROLDSON, AND C.C. SCHWARTZ. 2011. Grizzly bear-human conflicts in the Greater Yellowstone Ecosystem, 2010. Pages 41-44 in C.C. Schwartz, M.A. Haroldson, and K. West, editors. Yellowstone grizzly bear investigations: Annual report of the Interagency Grizzly Bear Study Team, 2010. U.S. Geological Survey, Bozeman, Montana, USA.
EOL:328581	Ursus arctos	RO:0002470	eats	EOL:328699	Bos taurus		Greater Yellowstone Ecosystem					GUNTHER, K.A., B. ABER, M.T. BRUSCINO, S.L. CAIN, K. FREY, M.A. HAROLDSON, AND C.C. SCHWARTZ. 2011. Grizzly bear-human conflicts in the Greater Yellowstone Ecosystem, 2010. Pages 41-44 in C.C. Schwartz, M.A. Haroldson, and K. West, editors. Yellowstone grizzly bear investigations: Annual report of the Interagency Grizzly Bear Study Team, 2010. U.S. Geological Survey, Bozeman, Montana, USA.
EOL:328581	Ursus arctos	RO:0002470	eats	EOL:1228387	Canis familiaris		Greater Yellowstone Ecosystem					GUNTHER, K.A., B. ABER, M.T. BRUSCINO, S.L. CAIN, K. FREY, M.A. HAROLDSON, AND C.C. SCHWARTZ. 2011. Grizzly bear-human conflicts in the Greater Yellowstone Ecosystem, 2010. Pages 41-44 in C.C. Schwartz, M.A. Haroldson, and K. West, editors. Yellowstone grizzly bear investigations: Annual report of the Interagency Grizzly Bear Study Team, 2010. U.S. Geological Survey, Bozeman, Montana, USA.
EOL:328581	Ursus arctos	RO:0002470	eats	EOL:328660	Capra hircus		Greater Yellowstone Ecosystem					GUNTHER, K.A., B. ABER, M.T. BRUSCINO, S.L. CAIN, K. FREY, M.A. HAROLDSON, AND C.C. SCHWARTZ. 2011. Grizzly bear-human conflicts in the Greater Yellowstone Ecosystem, 2010. Pages 41-44 in C.C. Schwartz, M.A. Haroldson, and K. West, editors. Yellowstone grizzly bear investigations: Annual report of the Interagency Grizzly Bear Study Team, 2010. U.S. Geological Survey, Bozeman, Montana, USA.
EOL:328581	Ursus arctos	RO:0002470	eats	EOL:328648	Equus caballus		Greater Yellowstone Ecosystem					GUNTHER, K.A., B. ABER, M.T. BRUSCINO, S.L. CAIN, K. FREY, M.A. HAROLDSON, AND C.C. SCHWARTZ. 2011. Grizzly bear-human conflicts in the Greater Yellowstone Ecosystem, 2010. Pages 41-44 in C.C. Schwartz, M.A. Haroldson, and K. West, editors. Yellowstone grizzly bear investigations: Annual report of the Interagency Grizzly Bear Study Team, 2010. U.S. Geological Survey, Bozeman, Montana, USA.
EOL:328581	Ursus arctos	RO:0002470	eats	EOL:1049263	Gallus gallus domesticus		Greater Yellowstone Ecosystem					GUNTHER, K.A., B. ABER, M.T. BRUSCINO, S.L. CAIN, K. FREY, M.A. HAROLDSON, AND C.C. SCHWARTZ. 2011. Grizzly bear-human conflicts in the Greater Yellowstone Ecosystem, 2010. Pages 41-44 in C.C. Schwartz, M.A. Haroldson, and K. West, editors. Yellowstone grizzly bear investigations: Annual report of the Interagency Grizzly Bear Study Team, 2010. U.S. Geological Survey, Bozeman, Montana, USA.
EOL:328581	Ursus arctos	RO:0002470	eats	EOL:629943	Malus pumila		Greater Yellowstone Ecosystem					GUNTHER, K.A., B. ABER, M.T. BRUSCINO, S.L. CAIN, K. FREY, M.A. HAROLDSON, AND C.C. SCHWARTZ. 2011. Grizzly bear-human conflicts in the Greater Yellowstone Ecosystem, 2010. Pages 41-44 in C.C. Schwartz, M.A. Haroldson, and K. West, editors. Yellowstone grizzly bear investigations: Annual report of the Interagency Grizzly Bear Study Team, 2010. U.S. Geological Survey, Bozeman, Montana, USA.
EOL:328581	Ursus arctos	RO:0002470	eats	EOL:327977	Oryctolagus cuniculus		Greater Yellowstone Ecosystem					GUNTHER, K.A., B. ABER, M.T. BRUSCINO, S.L. CAIN, K. FREY, M.A. HAROLDSON, AND C.C. SCHWARTZ. 2011. Grizzly bear-human conflicts in the Greater Yellowstone Ecosystem, 2010. Pages 41-44 in C.C. Schwartz, M.A. Haroldson, and K. West, editors. Yellowstone grizzly bear investigations: Annual report of the Interagency Grizzly Bear Study Team, 2010. U.S. Geological Survey, Bozeman, Montana, USA.
EOL:328581	Ursus arctos	RO:0002470	eats	EOL:311906	Ovis aries		Greater Yellowstone Ecosystem					GUNTHER, K.A., B. ABER, M.T. BRUSCINO, S.L. CAIN, K. FREY, M.A. HAROLDSON, AND C.C. SCHWARTZ. 2011. Grizzly bear-human conflicts in the Greater Yellowstone Ecosystem, 2010. Pages 41-44 in C.C. Schwartz, M.A. Haroldson, and K. West, editors. Yellowstone grizzly bear investigations: Annual report of the Interagency Grizzly Bear Study Team, 2010. U.S. Geological Survey, Bozeman, Montana, USA.
EOL:328581	Ursus arctos	RO:0002470	eats	EOL:328582	Ursus americanus		Greater Yellowstone Ecosystem					GUNTHER, K.A., M.J. BIEL, N. ANDERSON, AND L. WAITS. 2002. Probable grizzly bear predation on an American black bear in Yellowstone National Park. Ursus 13:372-374.
EOL:328581	Ursus arctos	RO:0002470	eats	EOL:1047335	Anser cygnoides		Greater Yellowstone Ecosystem					GUNTHER, K.A., M.T. BRUSCINO, S.L. CAIN, J. COPELAND, K. FREY, M.A. HAROLDSON, AND C.C. SCHWARTZ. 2000. Grizzly bear-human conflicts in the Greater Yellowstone Ecosystem, 1999. Pages 55-108 in C.C. Schwartz and M.A. Haroldson, editors. Yellowstone grizzly bear investigations: Annual report of the Interagency Grizzly Bear Study Team, 1999. U.S. Geological Survey, Bozeman, Montana, USA.
EOL:328581	Ursus arctos	RO:0002470	eats	EOL:1047918	Anas platyrhynchus		Greater Yellowstone Ecosystem					GUNTHER, K.A., M.T. BRUSCINO, S.L. CAIN, K. FREY, L. HANAUSKA-BROWN, M.A. HAROLDSON, AND C.C. SCHWARTZ. 2004. Grizzly bear-human conflicts in the Greater Yellowstone Ecosystem, 2003. Pages 53-56 in C.C. Schwartz and M.A. Haroldson, editors. Yellowstone grizzly bear investigations: Annual report of the Interagency Grizzly Bear Study Team, 2003. U.S. Geological Survey, Bozeman, Montana, USA.
EOL:328581	Ursus arctos	RO:0002470	eats	EOL:1049266	Meleagris gallopavo		Greater Yellowstone Ecosystem					GUNTHER, K.A., M.T. BRUSCINO, S.L. CAIN, K. FREY, L. HANAUSKA-BROWN, M.A. HAROLDSON, AND C.C. SCHWARTZ. 2004. Grizzly bear-human conflicts in the Greater Yellowstone Ecosystem, 2003. Pages 53-56 in C.C. Schwartz and M.A. Haroldson, editors. Yellowstone grizzly bear investigations: Annual report of the Interagency Grizzly Bear Study Team, 2003. U.S. Geological Survey, Bozeman, Montana, USA.
EOL:328581	Ursus arctos	RO:0002470	eats	EOL:205251	Oncorhynchus nerka		Greater Yellowstone Ecosystem					HAROLDSON, M.A., AND K. FREY. 1999. Scat analysis. Page 50 in C.C. Schwartz and M.A. Haroldson, editors. Yellowstone grizzly bear investigations: Annual report of the Interagency Grizzly Bear Study Team, 1998. U.S. Geological Survey, Bozeman, Montana, USA.
EOL:328581	Ursus arctos	RO:0002470	eats	EOL:61383	Synthyris		Greater Yellowstone Ecosystem					HAROLDSON, M.A., AND K. FREY. 1999. Scat analysis. Page 50 in C.C. Schwartz and M.A. Haroldson, editors. Yellowstone grizzly bear investigations: Annual report of the Interagency Grizzly Bear Study Team, 1998. U.S. Geological Survey, Bozeman, Montana, USA.
EOL:328581	Ursus arctos	RO:0002470	eats	EOL:37243	Delphinium		Greater Yellowstone Ecosystem					HAROLDSON, M.A., M. TERNENT, G. HOLM, R.A. SWALLEY, S. PODRUZNY, D. MOODY, AND C.C. SCHWARTZ. 1998. Yellowstone grizzly bear investigations: Annual report of the Interagency Study Team, 1997. U.S. Department of the Interior, National Park Service, Bozeman, Montana, USA.
EOL:328581	Ursus arctos	RO:0002470	eats	EOL:38076	Aster		Greater Yellowstone Ecosystem					HOLM, G.W. 1998. Interactions of sympatric black and grizzly bears in northwest Wyoming. Thesis, University of Wyoming, Laramie, Wyoming, USA.
EOL:328581	Ursus arctos	RO:0002470	eats	EOL:1115380	Elymus scribneri		Greater Yellowstone Ecosystem					HOLM, G.W. 1998. Interactions of sympatric black and grizzly bears in northwest Wyoming. Thesis, University of Wyoming, Laramie, Wyoming, USA.
EOL:328581	Ursus arctos	RO:0002470	eats	EOL:1114456	Hordeum brachyantherum		Greater Yellowstone Ecosystem					HOLM, G.W. 1998. Interactions of sympatric black and grizzly bears in northwest Wyoming. Thesis, University of Wyoming, Laramie, Wyoming, USA.
EOL:328581	Ursus arctos	RO:0002470	eats	EOL:488415	Matricaria discoidea		Greater Yellowstone Ecosystem					HOLM, G.W. 1998. Interactions of sympatric black and grizzly bears in northwest Wyoming. Thesis, University of Wyoming, Laramie, Wyoming, USA.
EOL:328581	Ursus arctos	RO:0002470	eats	EOL:29912	Potentilla		Greater Yellowstone Ecosystem					HOLM, G.W. 1998. Interactions of sympatric black and grizzly bears in northwest Wyoming. Thesis, University of Wyoming, Laramie, Wyoming, USA.
EOL:328581	Ursus arctos	RO:0002470	eats	EOL:37748	Senecio		Greater Yellowstone Ecosystem					HOLM, G.W. 1998. Interactions of sympatric black and grizzly bears in northwest Wyoming. Thesis, University of Wyoming, Laramie, Wyoming, USA.
EOL:328581	Ursus arctos	RO:0002470	eats	EOL:468409	Taraxacum officinale		Greater Yellowstone Ecosystem					HOLM, G.W. 1998. Interactions of sympatric black and grizzly bears in northwest Wyoming. Thesis, University of Wyoming, Laramie, Wyoming, USA.
EOL:328581	Ursus arctos	RO:0002470	eats	EOL:1086647	Camassia quamash		Greater Yellowstone Ecosystem					HORNOCKER, M.G. 1962. Population characteristics and social and reproductive behavior of the grizzly bear in Yellowstone National Park. Thesis, Montana State University, Bozeman, Montana, USA.
EOL:328581	Ursus arctos	RO:0002470	eats	EOL:108015	Andropogon		Greater Yellowstone Ecosystem					IGBST, unpublished data
EOL:328581	Ursus arctos	RO:0002470	eats	EOL:108056	Danthonia		Greater Yellowstone Ecosystem					IGBST, unpublished data
EOL:328581	Ursus arctos	RO:0002470	eats	EOL:703652	Medicago sativa		Greater Yellowstone Ecosystem					IGBST, unpublished data
EOL:328581	Ursus arctos	RO:0002470	eats	EOL:328607	Canis lupus		Greater Yellowstone Ecosystem					J. Fortin, unpublished data
EOL:328581	Ursus arctos	RO:0002470	eats	EOL:488740	Lonicera utahensis		Greater Yellowstone Ecosystem					J. Fortin, unpublished data
EOL:328581	Ursus arctos	RO:0002470	eats	EOL:331062	Pseudacris triseriata maculata		Greater Yellowstone Ecosystem					J. Fortin, unpublished data
EOL:328581	Ursus arctos	RO:0002470	eats	EOL:229741	Rosa woodsii		Greater Yellowstone Ecosystem					J. Fortin, unpublished data
EOL:328581	Ursus arctos	RO:0002470	eats	EOL:37461	Aquilegia		Greater Yellowstone Ecosystem					K. Frey, unpublished data
EOL:328581	Ursus arctos	RO:0002470	eats	EOL:400226	Arnica cordifolia		Greater Yellowstone Ecosystem					K. Frey, unpublished data
EOL:328581	Ursus arctos	RO:0002470	eats	EOL:584406	Cucurbita maxima		Greater Yellowstone Ecosystem					K. Frey, unpublished data
EOL:328581	Ursus arctos	RO:0002470	eats	EOL:584410	Cucurbita pepo		Greater Yellowstone Ecosystem					K. Frey, unpublished data
EOL:328581	Ursus arctos	RO:0002470	eats	EOL:581785	Daucus carota		Greater Yellowstone Ecosystem					K. Frey, unpublished data
EOL:328581	Ursus arctos	RO:0002470	eats	EOL:585008	Foeniculum vulgare		Greater Yellowstone Ecosystem					K. Frey, unpublished data
EOL:328581	Ursus arctos	RO:0002470	eats	EOL:233250	Geum triflorum		Greater Yellowstone Ecosystem					K. Frey, unpublished data
EOL:328581	Ursus arctos	RO:0002470	eats	EOL:27793	Lathyrus		Greater Yellowstone Ecosystem					K. Frey, unpublished data
EOL:328581	Ursus arctos	RO:0002470	eats	EOL:301085	Prunus americana		Greater Yellowstone Ecosystem					K. Frey, unpublished data
EOL:328581	Ursus arctos	RO:0002470	eats	EOL:632480	Prunus tomentosa		Greater Yellowstone Ecosystem					K. Frey, unpublished data
EOL:328581	Ursus arctos	RO:0002470	eats	EOL:482935	Solanum tuberosum		Greater Yellowstone Ecosystem					K. Frey, unpublished data
EOL:328581	Ursus arctos	RO:0002470	eats	EOL:1115259	Zea mays		Greater Yellowstone Ecosystem					K. Frey, unpublished data
EOL:328581	Ursus arctos	RO:0002470	eats	EOL:488739	Lonicera tatarica		Greater Yellowstone Ecosystem					K. Gunther, unpublished data
EOL:328581	Ursus arctos	RO:0002470	eats	EOL:328652	Odocoileus virginianus		Greater Yellowstone Ecosystem					K. Gunther, unpublished data
EOL:328581	Ursus arctos	RO:0002470	eats	EOL:1114250	Bromus vulgaris		Greater Yellowstone Ecosystem					KNIGHT, R., B.M. BLANCHARD, AND  K.C. KENDALL. 1981. Yellowstone grizzly bear investigations: Annual report of the Interagency Study Team, 1980. U.S. Department of the Interior, National Park Service, Bozeman, Montana, USA.
EOL:328581	Ursus arctos	RO:0002470	eats	EOL:1123509	Carex raynoldsii		Greater Yellowstone Ecosystem					KNIGHT, R., B.M. BLANCHARD, AND  K.C. KENDALL. 1981. Yellowstone grizzly bear investigations: Annual report of the Interagency Study Team, 1980. U.S. Department of the Interior, National Park Service, Bozeman, Montana, USA.
EOL:328581	Ursus arctos	RO:0002470	eats	EOL:597768	Equisetum fluviatile		Greater Yellowstone Ecosystem					KNIGHT, R., B.M. BLANCHARD, AND  K.C. KENDALL. 1981. Yellowstone grizzly bear investigations: Annual report of the Interagency Study Team, 1980. U.S. Department of the Interior, National Park Service, Bozeman, Montana, USA.
EOL:328581	Ursus arctos	RO:0002470	eats	EOL:468690	Liatris punctata		Greater Yellowstone Ecosystem					KNIGHT, R., B.M. BLANCHARD, AND  K.C. KENDALL. 1981. Yellowstone grizzly bear investigations: Annual report of the Interagency Study Team, 1980. U.S. Department of the Interior, National Park Service, Bozeman, Montana, USA.
EOL:328581	Ursus arctos	RO:0002470	eats	EOL:108039	Muhlenbergia		Greater Yellowstone Ecosystem					KNIGHT, R., B.M. BLANCHARD, AND  K.C. KENDALL. 1981. Yellowstone grizzly bear investigations: Annual report of the Interagency Study Team, 1980. U.S. Department of the Interior, National Park Service, Bozeman, Montana, USA.
EOL:328581	Ursus arctos	RO:0002470	eats	EOL:59697	Acanthomyops		Greater Yellowstone Ecosystem					KNIGHT, R., B.M. BLANCHARD, AND  K.C. KENDALL. 1982. Yellowstone grizzly bear investigations: Annual report of the Interagency Study Team, 1981. U.S. Department of the Interior, National Park Service, Bozeman, Montana, USA.
EOL:328581	Ursus arctos	RO:0002470	eats	EOL:472751	Camponotus herculeanus		Greater Yellowstone Ecosystem					KNIGHT, R., B.M. BLANCHARD, AND  K.C. KENDALL. 1982. Yellowstone grizzly bear investigations: Annual report of the Interagency Study Team, 1981. U.S. Department of the Interior, National Park Service, Bozeman, Montana, USA.
EOL:328581	Ursus arctos	RO:0002470	eats	EOL:467589	Camponotus modoc		Greater Yellowstone Ecosystem					KNIGHT, R., B.M. BLANCHARD, AND  K.C. KENDALL. 1982. Yellowstone grizzly bear investigations: Annual report of the Interagency Study Team, 1981. U.S. Department of the Interior, National Park Service, Bozeman, Montana, USA.
EOL:328581	Ursus arctos	RO:0002470	eats	EOL:464392	Camponotus vicinus		Greater Yellowstone Ecosystem					KNIGHT, R., B.M. BLANCHARD, AND  K.C. KENDALL. 1982. Yellowstone grizzly bear investigations: Annual report of the Interagency Study Team, 1981. U.S. Department of the Interior, National Park Service, Bozeman, Montana, USA.
EOL:328581	Ursus arctos	RO:0002470	eats	EOL:328025	Castor canadensis		Greater Yellowstone Ecosystem					KNIGHT, R., B.M. BLANCHARD, AND  K.C. KENDALL. 1982. Yellowstone grizzly bear investigations: Annual report of the Interagency Study Team, 1981. U.S. Department of the Interior, National Park Service, Bozeman, Montana, USA.
EOL:328581	Ursus arctos	RO:0002470	eats	EOL:328469	Erethizon dorsatus		Greater Yellowstone Ecosystem					KNIGHT, R., B.M. BLANCHARD, AND  K.C. KENDALL. 1982. Yellowstone grizzly bear investigations: Annual report of the Interagency Study Team, 1981. U.S. Department of the Interior, National Park Service, Bozeman, Montana, USA.
EOL:328581	Ursus arctos	RO:0002470	eats	EOL:397129	Formica altipetens		Greater Yellowstone Ecosystem					KNIGHT, R., B.M. BLANCHARD, AND  K.C. KENDALL. 1982. Yellowstone grizzly bear investigations: Annual report of the Interagency Study Team, 1981. U.S. Department of the Interior, National Park Service, Bozeman, Montana, USA.
EOL:328581	Ursus arctos	RO:0002470	eats	EOL:463702	Formica argentea		Greater Yellowstone Ecosystem					KNIGHT, R., B.M. BLANCHARD, AND  K.C. KENDALL. 1982. Yellowstone grizzly bear investigations: Annual report of the Interagency Study Team, 1981. U.S. Department of the Interior, National Park Service, Bozeman, Montana, USA.
EOL:328581	Ursus arctos	RO:0002470	eats	EOL:600028	Formica fusca		Greater Yellowstone Ecosystem					KNIGHT, R., B.M. BLANCHARD, AND  K.C. KENDALL. 1982. Yellowstone grizzly bear investigations: Annual report of the Interagency Study Team, 1981. U.S. Department of the Interior, National Park Service, Bozeman, Montana, USA.
EOL:328581	Ursus arctos	RO:0002470	eats	EOL:469389	Formica hewitti		Greater Yellowstone Ecosystem					KNIGHT, R., B.M. BLANCHARD, AND  K.C. KENDALL. 1982. Yellowstone grizzly bear investigations: Annual report of the Interagency Study Team, 1981. U.S. Department of the Interior, National Park Service, Bozeman, Montana, USA.
EOL:328581	Ursus arctos	RO:0002470	eats	EOL:476888	Formica neorufibarbis		Greater Yellowstone Ecosystem					KNIGHT, R., B.M. BLANCHARD, AND  K.C. KENDALL. 1982. Yellowstone grizzly bear investigations: Annual report of the Interagency Study Team, 1981. U.S. Department of the Interior, National Park Service, Bozeman, Montana, USA.
EOL:328581	Ursus arctos	RO:0002470	eats	EOL:463450	Formica occulta		Greater Yellowstone Ecosystem					KNIGHT, R., B.M. BLANCHARD, AND  K.C. KENDALL. 1982. Yellowstone grizzly bear investigations: Annual report of the Interagency Study Team, 1981. U.S. Department of the Interior, National Park Service, Bozeman, Montana, USA.
EOL:328581	Ursus arctos	RO:0002470	eats	EOL:463444	Formica opaciventris		Greater Yellowstone Ecosystem					KNIGHT, R., B.M. BLANCHARD, AND  K.C. KENDALL. 1982. Yellowstone grizzly bear investigations: Annual report of the Interagency Study Team, 1981. U.S. Department of the Interior, National Park Service, Bozeman, Montana, USA.
EOL:328581	Ursus arctos	RO:0002470	eats	EOL:463445	Formica oreas		Greater Yellowstone Ecosystem					KNIGHT, R., B.M. BLANCHARD, AND  K.C. KENDALL. 1982. Yellowstone grizzly bear investigations: Annual report of the Interagency Study Team, 1981. U.S. Department of the Interior, National Park Service, Bozeman, Montana, USA.
EOL:328581	Ursus arctos	RO:0002470	eats	EOL:36549263	Formica rufa haemorrhoidalis		Greater Yellowstone Ecosystem					KNIGHT, R., B.M. BLANCHARD, AND  K.C. KENDALL. 1982. Yellowstone grizzly bear investigations: Annual report of the Interagency Study Team, 1981. U.S. Department of the Interior, National Park Service, Bozeman, Montana, USA.
EOL:328581	Ursus arctos	RO:0002470	eats	EOL:3817087	Formica subnuda		Greater Yellowstone Ecosystem					KNIGHT, R., B.M. BLANCHARD, AND  K.C. KENDALL. 1982. Yellowstone grizzly bear investigations: Annual report of the Interagency Study Team, 1981. U.S. Department of the Interior, National Park Service, Bozeman, Montana, USA.
EOL:328581	Ursus arctos	RO:0002470	eats	EOL:466597	Formica subsericea		Greater Yellowstone Ecosystem					KNIGHT, R., B.M. BLANCHARD, AND  K.C. KENDALL. 1982. Yellowstone grizzly bear investigations: Annual report of the Interagency Study Team, 1981. U.S. Department of the Interior, National Park Service, Bozeman, Montana, USA.
EOL:328581	Ursus arctos	RO:0002470	eats	EOL:471272	Formica ulkei		Greater Yellowstone Ecosystem					KNIGHT, R., B.M. BLANCHARD, AND  K.C. KENDALL. 1982. Yellowstone grizzly bear investigations: Annual report of the Interagency Study Team, 1981. U.S. Department of the Interior, National Park Service, Bozeman, Montana, USA.
EOL:328581	Ursus arctos	RO:0002470	eats	EOL:43196447	Formica whymperi		Greater Yellowstone Ecosystem					KNIGHT, R., B.M. BLANCHARD, AND  K.C. KENDALL. 1982. Yellowstone grizzly bear investigations: Annual report of the Interagency Study Team, 1981. U.S. Department of the Interior, National Park Service, Bozeman, Montana, USA.
EOL:328581	Ursus arctos	RO:0002470	eats	EOL:583091	Heuchera cylindrica		Greater Yellowstone Ecosystem					KNIGHT, R., B.M. BLANCHARD, AND  K.C. KENDALL. 1982. Yellowstone grizzly bear investigations: Annual report of the Interagency Study Team, 1981. U.S. Department of the Interior, National Park Service, Bozeman, Montana, USA.
EOL:328581	Ursus arctos	RO:0002470	eats	EOL:580541	Hydrophyllum capitatum		Greater Yellowstone Ecosystem					KNIGHT, R., B.M. BLANCHARD, AND  K.C. KENDALL. 1982. Yellowstone grizzly bear investigations: Annual report of the Interagency Study Team, 1981. U.S. Department of the Interior, National Park Service, Bozeman, Montana, USA.
EOL:328581	Ursus arctos	RO:0002470	eats	EOL:49417	Lasius sitkaensis		Greater Yellowstone Ecosystem					KNIGHT, R., B.M. BLANCHARD, AND  K.C. KENDALL. 1982. Yellowstone grizzly bear investigations: Annual report of the Interagency Study Team, 1981. U.S. Department of the Interior, National Park Service, Bozeman, Montana, USA.
EOL:328581	Ursus arctos	RO:0002470	eats	EOL:406657	Leptothorax provancheri		Greater Yellowstone Ecosystem					KNIGHT, R., B.M. BLANCHARD, AND  K.C. KENDALL. 1982. Yellowstone grizzly bear investigations: Annual report of the Interagency Study Team, 1981. U.S. Department of the Interior, National Park Service, Bozeman, Montana, USA.
EOL:328581	Ursus arctos	RO:0002470	eats	EOL:28131	Melilotus		Greater Yellowstone Ecosystem					KNIGHT, R., B.M. BLANCHARD, AND  K.C. KENDALL. 1982. Yellowstone grizzly bear investigations: Annual report of the Interagency Study Team, 1981. U.S. Department of the Interior, National Park Service, Bozeman, Montana, USA.
EOL:328581	Ursus arctos	RO:0002470	eats	EOL:586945	Montia chamissoi		Greater Yellowstone Ecosystem					KNIGHT, R., B.M. BLANCHARD, AND  K.C. KENDALL. 1982. Yellowstone grizzly bear investigations: Annual report of the Interagency Study Team, 1981. U.S. Department of the Interior, National Park Service, Bozeman, Montana, USA.
EOL:328581	Ursus arctos	RO:0002470	eats	EOL:503079	Myrmica brevinodes		Greater Yellowstone Ecosystem					KNIGHT, R., B.M. BLANCHARD, AND  K.C. KENDALL. 1982. Yellowstone grizzly bear investigations: Annual report of the Interagency Study Team, 1981. U.S. Department of the Interior, National Park Service, Bozeman, Montana, USA.
EOL:328581	Ursus arctos	RO:0002470	eats	EOL:472406	Myrmica lobifrons		Greater Yellowstone Ecosystem					KNIGHT, R., B.M. BLANCHARD, AND  K.C. KENDALL. 1982. Yellowstone grizzly bear investigations: Annual report of the Interagency Study Team, 1981. U.S. Department of the Interior, National Park Service, Bozeman, Montana, USA.
EOL:328581	Ursus arctos	RO:0002470	eats	EOL:29145	Platanthera		Greater Yellowstone Ecosystem					KNIGHT, R., B.M. BLANCHARD, AND  K.C. KENDALL. 1982. Yellowstone grizzly bear investigations: Annual report of the Interagency Study Team, 1981. U.S. Department of the Interior, National Park Service, Bozeman, Montana, USA.
EOL:328581	Ursus arctos	RO:0002470	eats	EOL:585405	Polygonum douglasii		Greater Yellowstone Ecosystem					KNIGHT, R., B.M. BLANCHARD, AND  K.C. KENDALL. 1982. Yellowstone grizzly bear investigations: Annual report of the Interagency Study Team, 1981. U.S. Department of the Interior, National Park Service, Bozeman, Montana, USA.
EOL:328581	Ursus arctos	RO:0002470	eats	EOL:473800	Ranunculus acriformis		Greater Yellowstone Ecosystem					KNIGHT, R., B.M. BLANCHARD, AND  K.C. KENDALL. 1982. Yellowstone grizzly bear investigations: Annual report of the Interagency Study Team, 1981. U.S. Department of the Interior, National Park Service, Bozeman, Montana, USA.
EOL:328581	Ursus arctos	RO:0002470	eats	EOL:108207	Schizachne		Greater Yellowstone Ecosystem					KNIGHT, R., B.M. BLANCHARD, AND  K.C. KENDALL. 1982. Yellowstone grizzly bear investigations: Annual report of the Interagency Study Team, 1981. U.S. Department of the Interior, National Park Service, Bozeman, Montana, USA.
EOL:328581	Ursus arctos	RO:0002470	eats	EOL:108217	Sporobolus		Greater Yellowstone Ecosystem					KNIGHT, R., B.M. BLANCHARD, AND  K.C. KENDALL. 1982. Yellowstone grizzly bear investigations: Annual report of the Interagency Study Team, 1981. U.S. Department of the Interior, National Park Service, Bozeman, Montana, USA.
EOL:328581	Ursus arctos	RO:0002470	eats	EOL:326804	Tamias minimus		Greater Yellowstone Ecosystem					KNIGHT, R., B.M. BLANCHARD, AND  K.C. KENDALL. 1982. Yellowstone grizzly bear investigations: Annual report of the Interagency Study Team, 1981. U.S. Department of the Interior, National Park Service, Bozeman, Montana, USA.
EOL:328581	Ursus arctos	RO:0002470	eats	EOL:583698	Thlaspi arvense		Greater Yellowstone Ecosystem					KNIGHT, R., B.M. BLANCHARD, AND  K.C. KENDALL. 1982. Yellowstone grizzly bear investigations: Annual report of the Interagency Study Team, 1981. U.S. Department of the Interior, National Park Service, Bozeman, Montana, USA.
EOL:328581	Ursus arctos	RO:0002470	eats	EOL:327989	Urocitellus armatus		Greater Yellowstone Ecosystem					KNIGHT, R., B.M. BLANCHARD, AND  K.C. KENDALL. 1982. Yellowstone grizzly bear investigations: Annual report of the Interagency Study Team, 1981. U.S. Department of the Interior, National Park Service, Bozeman, Montana, USA.
EOL:328581	Ursus arctos	RO:0002470	eats	EOL:37661	Cerastium		Greater Yellowstone Ecosystem					KNIGHT, R., B.M. BLANCHARD, AND D.J. MATTSON. 1985. Yellowstone grizzly bear investigations: Annual report of the Interagency Study Team, 1983 and 1984. U.S. Department of the Interior, National Park Service, Bozeman, Montana, USA.
EOL:328581	Ursus arctos	RO:0002470	eats	EOL:44923	Crepis		Greater Yellowstone Ecosystem					KNIGHT, R., B.M. BLANCHARD, AND D.J. MATTSON. 1985. Yellowstone grizzly bear investigations: Annual report of the Interagency Study Team, 1983 and 1984. U.S. Department of the Interior, National Park Service, Bozeman, Montana, USA.
EOL:328581	Ursus arctos	RO:0002470	eats	EOL:583541	Monotropa uniflora		Greater Yellowstone Ecosystem					KNIGHT, R., B.M. BLANCHARD, AND D.J. MATTSON. 1987. Yellowstone grizzly bear investigations: Annual report of the Interagency Study Team, 1986. U.S. Department of the Interior, National Park Service, Bozeman, Montana, USA.
EOL:328581	Ursus arctos	RO:0002470	eats	EOL:328659	Oreamnos americanus		Greater Yellowstone Ecosystem					KNIGHT, R., B.M. BLANCHARD, AND M.A. HAROLDSON. 1997. Yellowstone grizzly bear investigations: Annual report of the Interagency Study Team, 1996. U.S. Department of the Interior, National Park Service, Bozeman, Montana, USA.
EOL:328581	Ursus arctos	RO:0002470	eats	EOL:37457	Arabis		Greater Yellowstone Ecosystem					KNIGHT, R., B.M. BLANCHARD, K.C. KENDALL, AND L. E. OLDENBURG. 1980. Yellowstone grizzly bear investigations: Annual report of the Interagency Study Team, 1978 and 1979. U.S. Department of the Interior, National Park Service, Bozeman, Montana, USA.
EOL:328581	Ursus arctos	RO:0002470	eats	EOL:1124387	Carex geyeri		Greater Yellowstone Ecosystem					KNIGHT, R., B.M. BLANCHARD, K.C. KENDALL, AND L. E. OLDENBURG. 1980. Yellowstone grizzly bear investigations: Annual report of the Interagency Study Team, 1978 and 1979. U.S. Department of the Interior, National Park Service, Bozeman, Montana, USA.
EOL:328581	Ursus arctos	RO:0002470	eats	EOL:1123603	Carex praticola		Greater Yellowstone Ecosystem					KNIGHT, R., B.M. BLANCHARD, K.C. KENDALL, AND L. E. OLDENBURG. 1980. Yellowstone grizzly bear investigations: Annual report of the Interagency Study Team, 1978 and 1979. U.S. Department of the Interior, National Park Service, Bozeman, Montana, USA.
EOL:328581	Ursus arctos	RO:0002470	eats	EOL:1034924	Juniperus scopulorum		Greater Yellowstone Ecosystem					KNIGHT, R., B.M. BLANCHARD, K.C. KENDALL, AND L. E. OLDENBURG. 1980. Yellowstone grizzly bear investigations: Annual report of the Interagency Study Team, 1978 and 1979. U.S. Department of the Interior, National Park Service, Bozeman, Montana, USA.
EOL:328581	Ursus arctos	RO:0002470	eats	EOL:467104	Lomatium ambiguum		Greater Yellowstone Ecosystem					KNIGHT, R., B.M. BLANCHARD, K.C. KENDALL, AND L. E. OLDENBURG. 1980. Yellowstone grizzly bear investigations: Annual report of the Interagency Study Team, 1978 and 1979. U.S. Department of the Interior, National Park Service, Bozeman, Montana, USA.
EOL:328581	Ursus arctos	RO:0002470	eats	EOL:1114570	Phleum pratense		Greater Yellowstone Ecosystem					KNIGHT, R., B.M. BLANCHARD, K.C. KENDALL, AND L. E. OLDENBURG. 1980. Yellowstone grizzly bear investigations: Annual report of the Interagency Study Team, 1978 and 1979. U.S. Department of the Interior, National Park Service, Bozeman, Montana, USA.
EOL:328581	Ursus arctos	RO:0002470	eats	EOL:1114583	Poa pratensis		Greater Yellowstone Ecosystem					KNIGHT, R., B.M. BLANCHARD, K.C. KENDALL, AND L. E. OLDENBURG. 1980. Yellowstone grizzly bear investigations: Annual report of the Interagency Study Team, 1978 and 1979. U.S. Department of the Interior, National Park Service, Bozeman, Montana, USA.
EOL:328581	Ursus arctos	RO:0002470	eats	EOL:38351	Selaginella		Greater Yellowstone Ecosystem					KNIGHT, R., B.M. BLANCHARD, K.C. KENDALL, AND L. E. OLDENBURG. 1980. Yellowstone grizzly bear investigations: Annual report of the Interagency Study Team, 1978 and 1979. U.S. Department of the Interior, National Park Service, Bozeman, Montana, USA.
EOL:328581	Ursus arctos	RO:0002470	eats	EOL:922253	Sturnus vulgaris		Greater Yellowstone Ecosystem					KNIGHT, R., B.M. BLANCHARD, K.C. KENDALL, AND L. E. OLDENBURG. 1980. Yellowstone grizzly bear investigations: Annual report of the Interagency Study Team, 1978 and 1979. U.S. Department of the Interior, National Park Service, Bozeman, Montana, USA.
EOL:328581	Ursus arctos	RO:0002470	eats	EOL:347433	Tamiasciurus hudsonicus		Greater Yellowstone Ecosystem					KNIGHT, R., B.M. BLANCHARD, K.C. KENDALL, AND L. E. OLDENBURG. 1980. Yellowstone grizzly bear investigations: Annual report of the Interagency Study Team, 1978 and 1979. U.S. Department of the Interior, National Park Service, Bozeman, Montana, USA.
EOL:328581	Ursus arctos	RO:0002470	eats	EOL:29910	Juncus		Greater Yellowstone Ecosystem					KNIGHT, R., J. BASILE, K. GREER, S. JUDD, L. OLDENBURG, AND L. ROOP. 1977. Yellowstone grizzly bear investigations: Annual report of the Interagency Study Team, 1976. U.S. Department of the Interior, National Park Service, Bozeman, Montana, USA.
EOL:328581	Ursus arctos	RO:0002470	eats	EOL:1015093	Prosartes trachycarpa		Greater Yellowstone Ecosystem					KNIGHT, R., J. BASILE, K. GREER, S. JUDD, L. OLDENBURG, AND L. ROOP. 1977. Yellowstone grizzly bear investigations: Annual report of the Interagency Study Team, 1976. U.S. Department of the Interior, National Park Service, Bozeman, Montana, USA.
EOL:328581	Ursus arctos	RO:0002470	eats	EOL:467225	Achillea millefolium		Greater Yellowstone Ecosystem					KNIGHT, R., J. BASILE, K. GREER, S. JUDD, L. OLDENBURG, AND L. ROOP. 1978. Yellowstone grizzly bear investigations: Annual report of the Interagency Study Team, 1977. U.S. Department of the Interior, National Park Service, Bozeman, Montana, USA.
EOL:328581	Ursus arctos	RO:0002470	eats	EOL:1114783	Avena sativa		Greater Yellowstone Ecosystem					KNIGHT, R., J. BASILE, K. GREER, S. JUDD, L. OLDENBURG, AND L. ROOP. 1978. Yellowstone grizzly bear investigations: Annual report of the Interagency Study Team, 1977. U.S. Department of the Interior, National Park Service, Bozeman, Montana, USA.
EOL:328581	Ursus arctos	RO:0002470	eats	EOL:44475	Betula spp.		Greater Yellowstone Ecosystem					KNIGHT, R., J. BASILE, K. GREER, S. JUDD, L. OLDENBURG, AND L. ROOP. 1978. Yellowstone grizzly bear investigations: Annual report of the Interagency Study Team, 1977. U.S. Department of the Interior, National Park Service, Bozeman, Montana, USA.
EOL:328581	Ursus arctos	RO:0002470	eats	EOL:38390	Brassica		Greater Yellowstone Ecosystem					KNIGHT, R., J. BASILE, K. GREER, S. JUDD, L. OLDENBURG, AND L. ROOP. 1978. Yellowstone grizzly bear investigations: Annual report of the Interagency Study Team, 1977. U.S. Department of the Interior, National Park Service, Bozeman, Montana, USA.
EOL:328581	Ursus arctos	RO:0002470	eats	EOL:46321806	Dasiphora fruticosa		Greater Yellowstone Ecosystem					KNIGHT, R., J. BASILE, K. GREER, S. JUDD, L. OLDENBURG, AND L. ROOP. 1978. Yellowstone grizzly bear investigations: Annual report of the Interagency Study Team, 1977. U.S. Department of the Interior, National Park Service, Bozeman, Montana, USA.
EOL:328581	Ursus arctos	RO:0002470	eats	EOL:1115518	Elymus spicatus		Greater Yellowstone Ecosystem					KNIGHT, R., J. BASILE, K. GREER, S. JUDD, L. OLDENBURG, AND L. ROOP. 1978. Yellowstone grizzly bear investigations: Annual report of the Interagency Study Team, 1977. U.S. Department of the Interior, National Park Service, Bozeman, Montana, USA.
EOL:328581	Ursus arctos	RO:0002470	eats	EOL:468106	Helianthus annuus		Greater Yellowstone Ecosystem					KNIGHT, R., J. BASILE, K. GREER, S. JUDD, L. OLDENBURG, AND L. ROOP. 1978. Yellowstone grizzly bear investigations: Annual report of the Interagency Study Team, 1977. U.S. Department of the Interior, National Park Service, Bozeman, Montana, USA.
EOL:328581	Ursus arctos	RO:0002470	eats	EOL:843958	Heterotheca villosa		Greater Yellowstone Ecosystem					KNIGHT, R., J. BASILE, K. GREER, S. JUDD, L. OLDENBURG, AND L. ROOP. 1978. Yellowstone grizzly bear investigations: Annual report of the Interagency Study Team, 1977. U.S. Department of the Interior, National Park Service, Bozeman, Montana, USA.
EOL:328581	Ursus arctos	RO:0002470	eats	EOL:488733	Linnaea borealis		Greater Yellowstone Ecosystem					KNIGHT, R., J. BASILE, K. GREER, S. JUDD, L. OLDENBURG, AND L. ROOP. 1978. Yellowstone grizzly bear investigations: Annual report of the Interagency Study Team, 1977. U.S. Department of the Interior, National Park Service, Bozeman, Montana, USA.
EOL:328581	Ursus arctos	RO:0002470	eats	EOL:467181	Penstemon wilcoxii		Greater Yellowstone Ecosystem					KNIGHT, R., J. BASILE, K. GREER, S. JUDD, L. OLDENBURG, AND L. ROOP. 1978. Yellowstone grizzly bear investigations: Annual report of the Interagency Study Team, 1977. U.S. Department of the Interior, National Park Service, Bozeman, Montana, USA.
EOL:328581	Ursus arctos	RO:0002470	eats	EOL:2426151	Pentaphylloides floribunda		Greater Yellowstone Ecosystem					KNIGHT, R., J. BASILE, K. GREER, S. JUDD, L. OLDENBURG, AND L. ROOP. 1978. Yellowstone grizzly bear investigations: Annual report of the Interagency Study Team, 1977. U.S. Department of the Interior, National Park Service, Bozeman, Montana, USA.
EOL:328581	Ursus arctos	RO:0002470	eats	EOL:1061756	Pinus flexilis		Greater Yellowstone Ecosystem					KNIGHT, R., J. BASILE, K. GREER, S. JUDD, L. OLDENBURG, AND L. ROOP. 1978. Yellowstone grizzly bear investigations: Annual report of the Interagency Study Team, 1977. U.S. Department of the Interior, National Park Service, Bozeman, Montana, USA.
EOL:328581	Ursus arctos	RO:0002470	eats	EOL:466982	Populus tremuloides 		Greater Yellowstone Ecosystem					KNIGHT, R., J. BASILE, K. GREER, S. JUDD, L. OLDENBURG, AND L. ROOP. 1978. Yellowstone grizzly bear investigations: Annual report of the Interagency Study Team, 1977. U.S. Department of the Interior, National Park Service, Bozeman, Montana, USA.
EOL:328581	Ursus arctos	RO:0002470	eats	EOL:32667	Salix		Greater Yellowstone Ecosystem					KNIGHT, R., J. BASILE, K. GREER, S. JUDD, L. OLDENBURG, AND L. ROOP. 1978. Yellowstone grizzly bear investigations: Annual report of the Interagency Study Team, 1977. U.S. Department of the Interior, National Park Service, Bozeman, Montana, USA.
EOL:328581	Ursus arctos	RO:0002470	eats	EOL:37721	Solidago		Greater Yellowstone Ecosystem					KNIGHT, R., J. BASILE, K. GREER, S. JUDD, L. OLDENBURG, AND L. ROOP. 1978. Yellowstone grizzly bear investigations: Annual report of the Interagency Study Team, 1977. U.S. Department of the Interior, National Park Service, Bozeman, Montana, USA.
EOL:328581	Ursus arctos	RO:0002470	eats	EOL:492350	Sonchus oleraceus		Greater Yellowstone Ecosystem					KNIGHT, R., J. BASILE, K. GREER, S. JUDD, L. OLDENBURG, AND L. ROOP. 1978. Yellowstone grizzly bear investigations: Annual report of the Interagency Study Team, 1977. U.S. Department of the Interior, National Park Service, Bozeman, Montana, USA.
EOL:328581	Ursus arctos	RO:0002470	eats	EOL:108051	Triticum		Greater Yellowstone Ecosystem					KNIGHT, R., J. BASILE, K. GREER, S. JUDD, L. OLDENBURG, AND L. ROOP. 1978. Yellowstone grizzly bear investigations: Annual report of the Interagency Study Team, 1977. U.S. Department of the Interior, National Park Service, Bozeman, Montana, USA.
EOL:328581	Ursus arctos	RO:0002470	eats	EOL:463659	Formica deniventris		Greater Yellowstone Ecosystem				http://dx.doi.org/10.1139/cjz-79-5-779	MATTSON, D.J. 2001. Myrmecophagy by Yellowstone grizzly bears. Canadian Journal of Zoology 79:779-793.
EOL:328581	Ursus arctos	RO:0002470	eats	EOL:599615	Tapinoma sessile		Greater Yellowstone Ecosystem				http://dx.doi.org/10.1139/cjz-79-5-779	MATTSON, D.J. 2001. Myrmecophagy by Yellowstone grizzly bears. Canadian Journal of Zoology 79:779-793.
EOL:328581	Ursus arctos	RO:0002470	eats	EOL:468373	Cirsium arvense		Greater Yellowstone Ecosystem					MATTSON, D.J., AND D.G. DESPAIN. 1985. Grizzly bear habitat component mapping handbook for the Yellowstone Ecosystem. U.S. Department of the Interior, National Park Service, Yellowstone National Park, Wyoming, USA.
EOL:328581	Ursus arctos	RO:0002470	eats	EOL:582979	Epilobium ciliatum		Greater Yellowstone Ecosystem					MATTSON, D.J., AND D.G. DESPAIN. 1985. Grizzly bear habitat component mapping handbook for the Yellowstone Ecosystem. U.S. Department of the Interior, National Park Service, Yellowstone National Park, Wyoming, USA.
EOL:328581	Ursus arctos	RO:0002470	eats	EOL:229659	Fragaria vesca		Greater Yellowstone Ecosystem					MATTSON, D.J., AND D.G. DESPAIN. 1985. Grizzly bear habitat component mapping handbook for the Yellowstone Ecosystem. U.S. Department of the Interior, National Park Service, Yellowstone National Park, Wyoming, USA.
EOL:328581	Ursus arctos	RO:0002470	eats	EOL:486986	Lomatium dissectum		Greater Yellowstone Ecosystem					MATTSON, D.J., AND D.G. DESPAIN. 1985. Grizzly bear habitat component mapping handbook for the Yellowstone Ecosystem. U.S. Department of the Interior, National Park Service, Yellowstone National Park, Wyoming, USA.
EOL:328581	Ursus arctos	RO:0002470	eats	EOL:592486	Persicaria amphibia		Greater Yellowstone Ecosystem					MATTSON, D.J., AND D.G. DESPAIN. 1985. Grizzly bear habitat component mapping handbook for the Yellowstone Ecosystem. U.S. Department of the Interior, National Park Service, Yellowstone National Park, Wyoming, USA.
EOL:328581	Ursus arctos	RO:0002470	eats	EOL:1115947	Potamogeton alpinus		Greater Yellowstone Ecosystem					MATTSON, D.J., AND D.G. DESPAIN. 1985. Grizzly bear habitat component mapping handbook for the Yellowstone Ecosystem. U.S. Department of the Interior, National Park Service, Yellowstone National Park, Wyoming, USA.
EOL:328581	Ursus arctos	RO:0002470	eats	EOL:1115940	Potamogeton natans		Greater Yellowstone Ecosystem					MATTSON, D.J., AND D.G. DESPAIN. 1985. Grizzly bear habitat component mapping handbook for the Yellowstone Ecosystem. U.S. Department of the Interior, National Park Service, Yellowstone National Park, Wyoming, USA.
EOL:328581	Ursus arctos	RO:0002470	eats	EOL:582363	Rhamnus alnifolia		Greater Yellowstone Ecosystem					MATTSON, D.J., AND D.G. DESPAIN. 1985. Grizzly bear habitat component mapping handbook for the Yellowstone Ecosystem. U.S. Department of the Interior, National Park Service, Yellowstone National Park, Wyoming, USA.
EOL:328581	Ursus arctos	RO:0002470	eats	EOL:468409	Taraxacum ceratophorum		Greater Yellowstone Ecosystem					MATTSON, D.J., AND D.G. DESPAIN. 1985. Grizzly bear habitat component mapping handbook for the Yellowstone Ecosystem. U.S. Department of the Interior, National Park Service, Yellowstone National Park, Wyoming, USA.
EOL:328581	Ursus arctos	RO:0002470	eats	EOL:466221	Vaccinium cespitosum		Greater Yellowstone Ecosystem					MATTSON, D.J., AND D.G. DESPAIN. 1985. Grizzly bear habitat component mapping handbook for the Yellowstone Ecosystem. U.S. Department of the Interior, National Park Service, Yellowstone National Park, Wyoming, USA.
EOL:328581	Ursus arctos	RO:0002470	eats	EOL:1114219	Bromus porteri		Greater Yellowstone Ecosystem				10.1139/z91-226	MATTSON, D.J., B.M. BLANCHARD, AND R.R. KNIGHT. 1991. Food habits of Yellowstone grizzly bears, 1977-1987. Canadian Journal of Zoology 69:1619-1629.
EOL:328581	Ursus arctos	RO:0002470	eats	EOL:600019	Camponotus pennsylvanicus		Greater Yellowstone Ecosystem				10.1139/z91-226	MATTSON, D.J., B.M. BLANCHARD, AND R.R. KNIGHT. 1991. Food habits of Yellowstone grizzly bears, 1977-1987. Canadian Journal of Zoology 69:1619-1629.
EOL:328581	Ursus arctos	RO:0002470	eats	EOL:479009	Chamerion angustifolium		Greater Yellowstone Ecosystem				10.1139/z91-226	MATTSON, D.J., B.M. BLANCHARD, AND R.R. KNIGHT. 1991. Food habits of Yellowstone grizzly bears, 1977-1987. Canadian Journal of Zoology 69:1619-1629.
EOL:328581	Ursus arctos	RO:0002470	eats	EOL:468233	Cirsium scariosum		Greater Yellowstone Ecosystem				10.1139/z91-226	MATTSON, D.J., B.M. BLANCHARD, AND R.R. KNIGHT. 1991. Food habits of Yellowstone grizzly bears, 1977-1987. Canadian Journal of Zoology 69:1619-1629.
EOL:328581	Ursus arctos	RO:0002470	eats	EOL:586881	Claytonia lanceolata		Greater Yellowstone Ecosystem				10.1139/z91-226	MATTSON, D.J., B.M. BLANCHARD, AND R.R. KNIGHT. 1991. Food habits of Yellowstone grizzly bears, 1977-1987. Canadian Journal of Zoology 69:1619-1629.
EOL:328581	Ursus arctos	RO:0002470	eats	EOL:1115385	Elymus trachycaulus		Greater Yellowstone Ecosystem				10.1139/z91-226	MATTSON, D.J., B.M. BLANCHARD, AND R.R. KNIGHT. 1991. Food habits of Yellowstone grizzly bears, 1977-1987. Canadian Journal of Zoology 69:1619-1629.
EOL:328581	Ursus arctos	RO:0002470	eats	EOL:597765	Equisetum arvense		Greater Yellowstone Ecosystem				10.1139/z91-226	MATTSON, D.J., B.M. BLANCHARD, AND R.R. KNIGHT. 1991. Food habits of Yellowstone grizzly bears, 1977-1987. Canadian Journal of Zoology 69:1619-1629.
EOL:328581	Ursus arctos	RO:0002470	eats	EOL:2683985	Euxoa auxiliaris		Greater Yellowstone Ecosystem				10.1139/z91-226	MATTSON, D.J., B.M. BLANCHARD, AND R.R. KNIGHT. 1991. Food habits of Yellowstone grizzly bears, 1977-1987. Canadian Journal of Zoology 69:1619-1629.
EOL:328581	Ursus arctos	RO:0002470	eats	EOL:1114417	Festuca idahoensis		Greater Yellowstone Ecosystem				10.1139/z91-226	MATTSON, D.J., B.M. BLANCHARD, AND R.R. KNIGHT. 1991. Food habits of Yellowstone grizzly bears, 1977-1987. Canadian Journal of Zoology 69:1619-1629.
EOL:328581	Ursus arctos	RO:0002470	eats	EOL:1115030	Melica spectabilis		Greater Yellowstone Ecosystem				10.1139/z91-226	MATTSON, D.J., B.M. BLANCHARD, AND R.R. KNIGHT. 1991. Food habits of Yellowstone grizzly bears, 1977-1987. Canadian Journal of Zoology 69:1619-1629.
EOL:328581	Ursus arctos	RO:0002470	eats	EOL:581525	Osmorhiza occidentalis		Greater Yellowstone Ecosystem				10.1139/z91-226	MATTSON, D.J., B.M. BLANCHARD, AND R.R. KNIGHT. 1991. Food habits of Yellowstone grizzly bears, 1977-1987. Canadian Journal of Zoology 69:1619-1629.
EOL:328581	Ursus arctos	RO:0002470	eats	EOL:1277081	Perideridia gairdneri borealis		Greater Yellowstone Ecosystem				10.1139/z91-226	MATTSON, D.J., B.M. BLANCHARD, AND R.R. KNIGHT. 1991. Food habits of Yellowstone grizzly bears, 1977-1987. Canadian Journal of Zoology 69:1619-1629.
EOL:328581	Ursus arctos	RO:0002470	eats	EOL:1034932	Pinus albicaulis		Greater Yellowstone Ecosystem				10.1139/z91-226	MATTSON, D.J., B.M. BLANCHARD, AND R.R. KNIGHT. 1991. Food habits of Yellowstone grizzly bears, 1977-1987. Canadian Journal of Zoology 69:1619-1629.
EOL:328581	Ursus arctos	RO:0002470	eats	EOL:2564945	Lumbricidae		Greater Yellowstone Ecosystem					MATTSON, D.J., M.G. FRENCH, AND S.P. FRENCH. 2002b. Consumption of earthworms by Yellowstone grizzly bears. Ursus 13:105-110.
EOL:328581	Ursus arctos	RO:0002470	eats	EOL:328581	Ursus arctos		Greater Yellowstone Ecosystem				http://dx.doi.org/10.2307/1382078	MATTSON, D.J., R.R. KNIGHT, AND B.M. BLANCHARD. 1992. Cannibalism and predation on black bears by grizzly bears in the Yellowstone Ecosystem, 1975-1990. Journal of Mammalogy 73:422-425.
EOL:328581	Ursus arctos	RO:0002470	eats	EOL:16585	Calvatia		Greater Yellowstone Ecosystem					MATTSON, D.J., S.R. PODRUZNY, AND M.A. HAROLDSON. 2002a. Consumption of fungal sporocarps by Yellowstone grizzly bears. Ursus 13:95-103.
EOL:328581	Ursus arctos	RO:0002470	eats	EOL:16730	Lactarius		Greater Yellowstone Ecosystem					MATTSON, D.J., S.R. PODRUZNY, AND M.A. HAROLDSON. 2002a. Consumption of fungal sporocarps by Yellowstone grizzly bears. Ursus 13:95-103.
EOL:328581	Ursus arctos	RO:0002470	eats	EOL:19583	Morchella		Greater Yellowstone Ecosystem					MATTSON, D.J., S.R. PODRUZNY, AND M.A. HAROLDSON. 2002a. Consumption of fungal sporocarps by Yellowstone grizzly bears. Ursus 13:95-103.
EOL:328581	Ursus arctos	RO:0002470	eats	EOL:18919	Rhizopogon		Greater Yellowstone Ecosystem					MATTSON, D.J., S.R. PODRUZNY, AND M.A. HAROLDSON. 2002a. Consumption of fungal sporocarps by Yellowstone grizzly bears. Ursus 13:95-103.
EOL:328581	Ursus arctos	RO:0002470	eats	EOL:16727	Russula		Greater Yellowstone Ecosystem					MATTSON, D.J., S.R. PODRUZNY, AND M.A. HAROLDSON. 2002a. Consumption of fungal sporocarps by Yellowstone grizzly bears. Ursus 13:95-103.
EOL:328581	Ursus arctos	RO:0002470	eats	EOL:16482	Suillus		Greater Yellowstone Ecosystem					MATTSON, D.J., S.R. PODRUZNY, AND M.A. HAROLDSON. 2002a. Consumption of fungal sporocarps by Yellowstone grizzly bears. Ursus 13:95-103.
EOL:328581	Ursus arctos	RO:0002470	eats	EOL:16734	Tricholoma		Greater Yellowstone Ecosystem					MATTSON, D.J., S.R. PODRUZNY, AND M.A. HAROLDSON. 2002a. Consumption of fungal sporocarps by Yellowstone grizzly bears. Ursus 13:95-103.
EOL:328581	Ursus arctos	RO:0002470	eats	EOL:1115941	Potamogeton nodosus		Greater Yellowstone Ecosystem					MATTSON, D.J., S.R. PODRUZNY, AND M.A. HAROLDSON. 2005. Consumption of pondweed rhizomes by Yellowstone grizzly bears. Ursus 16:41-46.
EOL:328581	Ursus arctos	RO:0002470	eats	EOL:468155	Agoseris aurantiaca		Greater Yellowstone Ecosystem					MEALEY, S.P. 1975. The natural food habits of free ranging grizzly bears in Yellowstone National Park, 1973-1974. Thesis, Montana State University, Bozeman, Montana, USA.
EOL:328581	Ursus arctos	RO:0002470	eats	EOL:585395	Bistorta bistortoides		Greater Yellowstone Ecosystem					MEALEY, S.P. 1975. The natural food habits of free ranging grizzly bears in Yellowstone National Park, 1973-1974. Thesis, Montana State University, Bozeman, Montana, USA.
EOL:328581	Ursus arctos	RO:0002470	eats	EOL:1115309	Calamagrostis stricta		Greater Yellowstone Ecosystem					MEALEY, S.P. 1975. The natural food habits of free ranging grizzly bears in Yellowstone National Park, 1973-1974. Thesis, Montana State University, Bozeman, Montana, USA.
EOL:328581	Ursus arctos	RO:0002470	eats	EOL:468285	Cirsium foliosum		Greater Yellowstone Ecosystem					MEALEY, S.P. 1975. The natural food habits of free ranging grizzly bears in Yellowstone National Park, 1973-1974. Thesis, Montana State University, Bozeman, Montana, USA.
EOL:328581	Ursus arctos	RO:0002470	eats	EOL:35132	Elodea		Greater Yellowstone Ecosystem					MEALEY, S.P. 1975. The natural food habits of free ranging grizzly bears in Yellowstone National Park, 1973-1974. Thesis, Montana State University, Bozeman, Montana, USA.
EOL:328581	Ursus arctos	RO:0002470	eats	EOL:476241	Eurybia integrifolia		Greater Yellowstone Ecosystem					MEALEY, S.P. 1975. The natural food habits of free ranging grizzly bears in Yellowstone National Park, 1973-1974. Thesis, Montana State University, Bozeman, Montana, USA.
EOL:328581	Ursus arctos	RO:0002470	eats	EOL:234385	Fragaria virginiana		Greater Yellowstone Ecosystem					MEALEY, S.P. 1975. The natural food habits of free ranging grizzly bears in Yellowstone National Park, 1973-1974. Thesis, Montana State University, Bozeman, Montana, USA.
EOL:328581	Ursus arctos	RO:0002470	eats	EOL:467151	Lomatium cous		Greater Yellowstone Ecosystem					MEALEY, S.P. 1975. The natural food habits of free ranging grizzly bears in Yellowstone National Park, 1973-1974. Thesis, Montana State University, Bozeman, Montana, USA.
EOL:328581	Ursus arctos	RO:0002470	eats	EOL:579541	Lomatium triternatum		Greater Yellowstone Ecosystem					MEALEY, S.P. 1975. The natural food habits of free ranging grizzly bears in Yellowstone National Park, 1973-1974. Thesis, Montana State University, Bozeman, Montana, USA.
EOL:328581	Ursus arctos	RO:0002470	eats	EOL:1003677	Maianthemum stellatum		Greater Yellowstone Ecosystem					MEALEY, S.P. 1975. The natural food habits of free ranging grizzly bears in Yellowstone National Park, 1973-1974. Thesis, Montana State University, Bozeman, Montana, USA.
EOL:328581	Ursus arctos	RO:0002470	eats	EOL:581528	Pastinaca sativa		Greater Yellowstone Ecosystem					MEALEY, S.P. 1975. The natural food habits of free ranging grizzly bears in Yellowstone National Park, 1973-1974. Thesis, Montana State University, Bozeman, Montana, USA.
EOL:328581	Ursus arctos	RO:0002470	eats	EOL:1114571	Phleum alpinum		Greater Yellowstone Ecosystem					MEALEY, S.P. 1975. The natural food habits of free ranging grizzly bears in Yellowstone National Park, 1973-1974. Thesis, Montana State University, Bozeman, Montana, USA.
EOL:328581	Ursus arctos	RO:0002470	eats	EOL:583211	Ribes oxyacanthoides		Greater Yellowstone Ecosystem					MEALEY, S.P. 1975. The natural food habits of free ranging grizzly bears in Yellowstone National Park, 1973-1974. Thesis, Montana State University, Bozeman, Montana, USA.
EOL:328581	Ursus arctos	RO:0002470	eats	EOL:1082092	Ruppia cirrhosa		Greater Yellowstone Ecosystem					MEALEY, S.P. 1975. The natural food habits of free ranging grizzly bears in Yellowstone National Park, 1973-1974. Thesis, Montana State University, Bozeman, Montana, USA.
EOL:328581	Ursus arctos	RO:0002470	eats	EOL:640595	Trifolium parryi		Greater Yellowstone Ecosystem					MEALEY, S.P. 1975. The natural food habits of free ranging grizzly bears in Yellowstone National Park, 1973-1974. Thesis, Montana State University, Bozeman, Montana, USA.
EOL:328581	Ursus arctos	RO:0002470	eats	EOL:1115250	Vahlodea atropurpurea		Greater Yellowstone Ecosystem					MEALEY, S.P. 1975. The natural food habits of free ranging grizzly bears in Yellowstone National Park, 1973-1974. Thesis, Montana State University, Bozeman, Montana, USA.
EOL:328581	Ursus arctos	RO:0002470	eats	EOL:858930	Anabrus simplex		Greater Yellowstone Ecosystem					MURIE, O.J. 1944. Progress report on the Yellowstone bear study. U.S. Department of the Interior, National Park Service, Yellowstone National Park, Wyoming, USA.
EOL:328581	Ursus arctos	RO:0002470	eats	EOL:328608	Canis latrans		Greater Yellowstone Ecosystem					MURIE, O.J. 1944. Progress report on the Yellowstone bear study. U.S. Department of the Interior, National Park Service, Yellowstone National Park, Wyoming, USA.
EOL:328581	Ursus arctos	RO:0002470	eats	EOL:483093	Osmorhiza berteroi		Greater Yellowstone Ecosystem					OROZCO, K., AND N. MILES. 2013. Use of diminished whitebark pine resources by adult female grizzly bears in Togwotee Pass, Spread Creek, and Mt. Leidy in the Bridger Teton National Forest, Wyoming, 2012. Pages 45-47 in F.T. van Manen, M.A. Haroldson, and K. West, editors. Yellowstone grizzly bear investigations: Annual report of the Interagency Grizzly Bear Study Team, 2012. U.S. Geological Survey, Bozeman, Montana, USA.
EOL:328581	Ursus arctos	RO:0002470	eats	EOL:468144	Lactuca sativa		Greater Yellowstone Ecosystem					R. Renkin, unpublished data
EOL:328581	Ursus arctos	RO:0002470	eats	EOL:29923	Agrostis		Greater Yellowstone Ecosystem					REINHART, D.P. 1990. Grizzly bear habitat use on cutthroat trout spawning streams in tributaries of Yellowstone Lake. Thesis, Montana State University, Bozeman, Montana, USA.
EOL:328581	Ursus arctos	RO:0002470	eats	EOL:207058	Catostomus ardens		Greater Yellowstone Ecosystem					REINHART, D.P. 1990. Grizzly bear habitat use on cutthroat trout spawning streams in tributaries of Yellowstone Lake. Thesis, Montana State University, Bozeman, Montana, USA.
EOL:328581	Ursus arctos	RO:0002470	eats	EOL:2871458	Lycopodium		Greater Yellowstone Ecosystem					REINHART, D.P. 1990. Grizzly bear habitat use on cutthroat trout spawning streams in tributaries of Yellowstone Lake. Thesis, Montana State University, Bozeman, Montana, USA.
EOL:328581	Ursus arctos	RO:0002470	eats	EOL:212910	Oncorhynchus clarkii		Greater Yellowstone Ecosystem					REINHART, D.P. 1990. Grizzly bear habitat use on cutthroat trout spawning streams in tributaries of Yellowstone Lake. Thesis, Montana State University, Bozeman, Montana, USA.
EOL:328581	Ursus arctos	RO:0002470	eats	EOL:313678	Ondatra zibethicus		Greater Yellowstone Ecosystem					REINHART, D.P. 1990. Grizzly bear habitat use on cutthroat trout spawning streams in tributaries of Yellowstone Lake. Thesis, Montana State University, Bozeman, Montana, USA.
EOL:328581	Ursus arctos	RO:0002470	eats	EOL:5038877	Angelica arguta		Greater Yellowstone Ecosystem					S. Cain, unpublished data
EOL:328581	Ursus arctos	RO:0002470	eats	EOL:639297	Astragalus miser		Greater Yellowstone Ecosystem					S. Cain, unpublished data
EOL:328581	Ursus arctos	RO:0002470	eats	EOL:38289	Clematis		Greater Yellowstone Ecosystem					S. Cain, unpublished data
EOL:328581	Ursus arctos	RO:0002470	eats	EOL:1093515	Galium triflorum		Greater Yellowstone Ecosystem					S. Cain, unpublished data
EOL:328581	Ursus arctos	RO:0002470	eats	EOL:486626	Paxistima myrsinites		Greater Yellowstone Ecosystem					S. Cain, unpublished data
EOL:328581	Ursus arctos	RO:0002470	eats	EOL:578535	Pedicularis bracteosa		Greater Yellowstone Ecosystem					S. Cain, unpublished data
EOL:328581	Ursus arctos	RO:0002470	eats	EOL:108288	Stipa		Greater Yellowstone Ecosystem					S. Cain, unpublished data
